<CCIDEWORKSPACE>
	<VERSION ID="1"/>
	<COLORS KEYWORD="16744448" NUMBER="49152" COMMENT="49152"
			STRING="8388863" ESCAPE="16711680" BACKGROUND="16777215"
			TEXT="0">
		0 0 0 0 0 0 0 0 
		0 0 0 0 0 0 0 0 
	</COLORS>
	<TABS SPACING="4"/>
	<EDITOR FLAGS="3"/>
	<FONT>
		240 255 255 255 0 0 0 0 0 0 0 0 0 0 0 0 
		144 1 0 0 0 0 0 0 0 0 0 1 67 111 117 114 
		105 101 114 32 78 101 119 0 0 0 0 0 0 0 0 0 
		0 0 0 0 0 0 0 0 0 0 0 0 
	</FONT>
	<BROWSE VALUE="0"/>
	<WATCH ID="1" ENABLE="0" NAME="" MODE="3" SIZE="3"/>
	<WATCH ID="2" ENABLE="0" NAME="" MODE="3" SIZE="3"/>
	<WATCH ID="3" ENABLE="0" NAME="" MODE="3" SIZE="3"/>
	<WATCH ID="4" ENABLE="0" NAME="" MODE="3" SIZE="3"/>
	<TOOLBAR ID="20" HORIZ="120 121 145 125 -1 160 161 162 163 -1 170 171 172 173 -1 165 -1 176 177 " VERT="120 121 145 125 -1 160 161 162 163 -1 170 171 172 173 -1 165 -1 176 177 "/>
	<TOOLBAR ID="21" HORIZ="202 200 201 " VERT="202 200 201 "/>
	<TOOLBAR ID="22" HORIZ="219 -1 215 -1 216 -1 210 211 -1 214 212 213 " VERT="219 -1 215 -1 216 -1 210 211 -1 214 212 213 "/>
	<PLACEMENT VALUE="2 3 -1 -1 -1 -1 44 44 812 581"/>
	<DOCKS>
		<DOCK ID="20" VALUE="32770 2 0 0 0 31000 0 0 400 58 0 46 400 77 0 46 400 77"/>
		<DOCK ID="21" VALUE="32770 0 1 0 0 92000 0 0 92 58 0 77 92 108 0 77 92 108"/>
		<DOCK ID="22" VALUE="32770 0 1 1 0 0 0 0 239 58 92 77 331 108 92 77 331 108"/>
		<DOCK ID="3" VALUE="32776 0 0 0 0 1280000 0 0 200 200 0 590 1280 750 0 590 1280 750"/>
		<DOCK ID="1" VALUE="32769 2 0 0 0 619006 0 0 200 200 0 108 200 582 0 108 200 582"/>
		<DOCK ID="2" VALUE="32776 2 0 1 1 1280000 0 0 200 200 643 590 1280 750 643 614 1280 774"/>
		<DOCK ID="4" VALUE="0 2 -1 0 1 0 0 0 500 200 1 1 501 201 0 -23 500 177"/>
		<DOCK ID="5" VALUE="0 2 -1 0 1 1024000 0 0 640 192 1 1 641 193 0 -23 640 169"/>
		<DOCK ID="6" VALUE="0 2 0 0 1 0 0 0 240 152 335 327 575 441 334 303 574 417"/>
		<DOCK ID="7" VALUE="0 2 0 0 1 0 0 0 240 152 357 327 597 441 356 303 596 417"/>
		<DOCK ID="9" VALUE="0 2 -1 0 1 420498 0 0 200 400 1 1 201 401 0 -23 200 377"/>
	</DOCKS>
	<EDITWINDOWS>
		<WINDOW NAME="xmlview.c" TITLE="xmlview.c" X="20" Y="20" WIDTH="960" HEIGHT="295" LINENO="209"/>
	</EDITWINDOWS>
	<HISTORY TYPE="FIND1">
	</HISTORY>
	<HISTORY TYPE="FIND2">
	</HISTORY>
	<HISTORY TYPE="REPLACE">
	</HISTORY>
	<HISTORY TYPE="WATCH">
	</HISTORY>
	<HISTORY TYPE="FINDINFILES">
	</HISTORY>
	<TAG ID="0">
	</TAG>
	<TAG ID="3">
	</TAG>
	<CHANGELN>
	</CHANGELN>
</CCIDEWORKSPACE>
